[{
    "eid":101,
    "name" : "Shreya",
    "address" : [{
        "street":"GandhiNagar",
        "city" : "Pimpiri",
        "state" : "Mahatrastra"
    },
    {
        "street":"SambhajiNagar",
        "city" : "Chinchwad",
        "state" : "Mahatrastra"
    }
],
"desig" : "Developer",
"salary" : 25000
},

{
    "eid":102,
    "name" : "Shreyas",
    "address" : [{
        "street":"GandhiNagar",
        "city" : "Pimpiri",
        "state" : "Mahatrastra"
    },
    {
        "street":"SambhajiNagar",
        "city" : "Chinchwad",
        "state" : "Mahatrastra"
    }
],
"desig" : "Developer",
"salary" : 25000
}
]